predicted,expected
Acc,Acc
Acc,Acc
Hn,Hn
Vc,Vc
ASax,ASax
Acc,Acc
Vn,Vn
Vn,Vn
Cb,Cb
Ob,Ob
Acc,Acc
Va,Va
Va,Va
Acc,Acc
Bn,Bn
Acc,Va
Vc,Vc
Fl,Fl
Va,Va
Vc,Vc
Acc,Acc
Acc,Acc
Va,Va
ClBb,ClBb
Acc,Acc
Ob,Ob
Bn,Bn
Tbn,Tbn
Acc,Acc
Cb,Cb
Vn,Vn
Acc,Acc
ClBb,ClBb
Acc,Acc
Vn,Va
Acc,Acc
Acc,Acc
Vc,Vc
Bn,Bn
ClBb,Fl
Cb,Cb
Acc,Vn
Vc,Vc
Ob,Ob
Acc,Acc
Acc,Acc
Va,Va
ASax,ASax
Ob,Ob
Vc,Vc
Hn,Hn
Ob,Ob
Fl,Fl
Ob,Ob
Va,ASax
TpC,TpC
Vc,Vc
Acc,ClBb
Cb,Cb
Cb,Cb
Va,Va
Acc,Acc
Acc,Acc
Acc,Acc
Cb,Cb
Vn,Vn
Acc,Acc
Acc,Acc
Tbn,Tbn
Ob,Ob
Va,Va
Vc,Vc
Bn,Bn
Acc,Acc
Vc,Cb
Vc,Vc
Cb,Cb
Vc,Vc
Acc,Acc
Acc,Acc
Ob,Ob
Cb,Cb
Acc,Acc
Cb,Cb
BTb,BTb
Tbn,Tbn
Vn,Vn
Acc,Acc
Vc,Vc
Va,Va
Vc,TpC
Vn,Vn
Va,Va
Hn,Hn
Va,Va
Vn,Vn
Va,Va
Tbn,Tbn
Va,Va
Acc,Vn
Vn,Vn
Cb,Cb
Acc,Acc
Acc,Acc
Ob,Ob
Ob,Ob
Vn,Vn
Acc,Acc
ClBb,ClBb
Acc,Vn
Acc,Acc
Bn,Bn
Vn,Vn
Tbn,Tbn
Vc,Vc
Acc,Acc
Cb,ASax
Fl,Fl
Cb,Cb
Vn,Vn
Acc,Acc
Vc,Vc
ASax,ASax
Acc,Acc
Vn,Vn
BTb,BTb
Acc,Acc
Vn,Vn
Vn,Vn
Acc,Acc
Acc,Acc
Cb,Cb
Vc,Vc
Acc,Acc
Fl,Fl
Va,Vn
Vn,Vn
Hn,Hn
Cb,Cb
Acc,Va
Acc,Acc
ClBb,ClBb
Vn,Vn
ASax,ASax
Cb,Cb
Acc,Acc
Vn,Vn
Fl,Fl
BTb,BTb
ASax,ASax
Acc,Acc
Acc,Acc
Acc,Acc
ClBb,ClBb
Cb,Cb
Acc,Acc
Cb,Cb
Acc,Acc
Va,Va
Va,Va
Vn,Vn
Va,Va
Cb,Cb
ASax,ASax
Acc,Vn
Cb,BTb
Tbn,Tbn
Acc,Acc
Va,Va
ClBb,ClBb
Hn,Bn
Vc,Va
Acc,Acc
Acc,Vn
Tbn,Tbn
Acc,Vn
Tbn,Tbn
Hn,Hn
Bn,Bn
Acc,Acc
ClBb,ClBb
Tbn,Tbn
Acc,Va
Vn,Vn
Tbn,Tbn
Bn,Bn
Bn,Bn
Acc,Vn
Cb,Cb
Acc,Acc
Vn,Vn
Acc,Acc
Acc,Acc
Bn,Bn
Va,Va
Vn,Vn
Ob,Ob
Acc,Acc
Cb,Cb
Cb,Cb
Va,Vn
TpC,TpC
ClBb,ClBb
Cb,Cb
Cb,Fl
Acc,Acc
Cb,Hn
Vc,Vc
Cb,Cb
ASax,ASax
Cb,Cb
Acc,Acc
Vn,Vn
Vc,Vc
Acc,Acc
Cb,Cb
Tbn,Tbn
Cb,Vc
Cb,Hn
Acc,Acc
Tbn,Tbn
Acc,Acc
BTb,BTb
BTb,BTb
BTb,BTb
Vc,Vc
Acc,Acc
Acc,Acc
Cb,Cb
Va,Vn
Vc,Vc
Acc,Acc
ASax,ASax
Bn,Bn
Tbn,Tbn
Acc,Acc
Acc,Acc
Va,Va
Bn,Bn
Acc,Acc
Cb,Fl
Acc,Acc
Vc,Vc
Va,ASax
Cb,Cb
Vc,Vc
Va,Va
Acc,Vn
Acc,Acc
Vc,Vc
Acc,Acc
Fl,Fl
Acc,Acc
Va,Va
Acc,Acc
Vn,Fl
Fl,Fl
Acc,Acc
Acc,Acc
Cb,Cb
Fl,Fl
Tbn,Tbn
ASax,ASax
Acc,Acc
BTb,BTb
Vn,Vn
Tbn,Tbn
Bn,Bn
Acc,Acc
Va,Vn
Vc,Vc
Cb,Cb
Ob,Ob
Acc,Acc
Cb,Cb
Cb,Cb
Acc,Acc
Cb,Cb
Va,Vn
Cb,Cb
Acc,Acc
Vc,Vc
Cb,Fl
Va,Va
Vc,Vc
ASax,ASax
Va,Va
Va,Va
Acc,Acc
Acc,Acc
Va,Va
Acc,Acc
Bn,Bn
Cb,Cb
Tbn,Tbn
Vn,Vn
Acc,Acc
Vc,Vc
Tbn,Tbn
Ob,Ob
Va,Va
Hn,Hn
Bn,Bn
ClBb,ClBb
Va,Vn
Vc,Vc
Acc,Acc
Fl,Fl
Acc,Acc
Cb,Cb
Hn,Hn
Cb,Cb
Vc,Va
Va,Va
Acc,Acc
Acc,Acc
ClBb,ClBb
Va,Va
ClBb,ClBb
Vn,Vn
Bn,Bn
Cb,Cb
Fl,Fl
Cb,ClBb
Vc,Vc
Acc,Acc
Va,Vn
Acc,Acc
Acc,ClBb
ClBb,ClBb
Vn,Vn
Va,Va
BTb,BTb
Acc,Acc
Acc,Acc
Vc,Vc
Vn,Vn
Acc,ClBb
Acc,Acc
Hn,Hn
Acc,Acc
Acc,Acc
Va,Va
Hn,Hn
Acc,Acc
Acc,Acc
Vc,Va
Va,Va
Vc,Vc
TpC,TpC
TpC,TpC
Fl,Fl
Va,Va
Va,Va
ASax,ASax
Vn,Vn
Acc,Acc
Bn,Bn
Vn,Vn
BTb,BTb
Acc,Acc
Hn,Hn
Tbn,Tbn
Vn,Vn
TpC,TpC
Va,Va
Vc,Vc
Ob,Ob
Cb,Cb
Acc,Acc
Cb,Cb
Vc,Vc
Hn,Hn
Ob,Ob
ASax,ASax
Cb,Cb
Acc,Acc
Acc,Acc
Cb,Cb
Acc,ClBb
Cb,Fl
Fl,Fl
Cb,Cb
Acc,Acc
Vn,Vn
Cb,Cb
Va,Va
Cb,Fl
Acc,Acc
Cb,Cb
Va,Vn
Vc,Vc
Tbn,Tbn
Ob,Ob
Cb,BTb
Tbn,Tbn
Vc,Vc
Acc,Acc
TpC,TpC
Bn,Hn
BTb,BTb
Fl,Fl
Tbn,Tbn
Fl,Fl
Cb,Cb
Vn,Vn
ASax,ASax
Va,Va
Vc,Vc
Cb,ClBb
Cb,Cb
Acc,Acc
Tbn,Tbn
Acc,Acc
Acc,Acc
Acc,Acc
Acc,Vn
Tbn,Tbn
Acc,Acc
Vc,Vc
Fl,Fl
Acc,Acc
Fl,Fl
Ob,Ob
Tbn,Tbn
Acc,Acc
Acc,Acc
Fl,Fl
Vn,Vn
ClBb,ClBb
Vc,Vc
Cb,Cb
Acc,Acc
Vc,Vc
TpC,TpC
Acc,Acc
Tbn,Tbn
Ob,Ob
Acc,Va
Acc,Va
Acc,Vc
Acc,Acc
BTb,BTb
Acc,Acc
Ob,Ob
ASax,ASax
Acc,Acc
Ob,Ob
Tbn,Tbn
Acc,Acc
BTb,BTb
Bn,Bn
Ob,TpC
Cb,Cb
Tbn,Tbn
ClBb,ClBb
Va,Va
BTb,BTb
Acc,Acc
Acc,Va
Va,Va
Cb,Fl
Cb,ClBb
Va,Va
Acc,Acc
Fl,Fl
Vc,Vc
Acc,ClBb
Vc,Vc
Acc,Acc
ASax,ASax
Acc,Acc
Acc,Acc
TpC,TpC
Vc,Vc
Acc,Acc
Acc,Va
Cb,Cb
Acc,Acc
Acc,Acc
Va,Va
Ob,Ob
Acc,Acc
Cb,BTb
Acc,Acc
Vc,Vc
Cb,Tbn
Hn,Hn
Cb,Cb
Acc,Vn
Vn,Vn
Vn,Vn
Vn,Vn
Vc,Vc
Tbn,Tbn
Acc,Acc
Vc,Vc
Acc,Acc
Cb,BTb
Cb,Vc
Ob,Ob
Acc,Acc
Acc,Acc
ClBb,ClBb
Acc,Acc
Vn,Vn
Cb,Vc
Ob,Ob
Acc,Acc
Acc,Acc
Vn,Vn
Acc,Acc
Fl,Fl
Acc,Acc
Cb,Vc
Tbn,Hn
Cb,Cb
Hn,Hn
Acc,Acc
Cb,Hn
Acc,Acc
Acc,Acc
Acc,Acc
Vc,Vc
Acc,Acc
ClBb,ClBb
Va,Va
Tbn,Tbn
Acc,Acc
Bn,Bn
Acc,Acc
Tbn,Tbn
Bn,Bn
Cb,BTb
Vc,Vc
Cb,ClBb
Va,Va
Vc,Vc
Va,Va
Fl,Fl
Cb,Cb
Bn,Bn
Acc,Vn
Acc,Acc
Bn,Bn
Va,Vc
Cb,Fl
Acc,ASax
Acc,Acc
ASax,ASax
Acc,Acc
Acc,Vn
Va,Va
Acc,Acc
Ob,Ob
Acc,Acc
ASax,ASax
Acc,Va
BTb,BTb
BTb,BTb
Hn,Hn
Cb,Cb
Acc,Acc
Acc,Acc
Va,Va
Acc,Acc
Acc,Acc
Va,Vn
ASax,ASax
Tbn,Tbn
Va,Va
Bn,Bn
Acc,Acc
Cb,Vn
Ob,Ob
Fl,Fl
Acc,Acc
Bn,Bn
Acc,Acc
Acc,Acc
Hn,Hn
Ob,Ob
Hn,Hn
Cb,Vc
Va,Va
ASax,ASax
Vn,Vn
Vn,Vn
Cb,Cb
Acc,Acc
Cb,Cb
BTb,BTb
Vn,Vn
Vc,Vc
Acc,Acc
Acc,Vn
Acc,Vn
Cb,ClBb
Hn,Hn
Cb,Cb
Va,Va
Vc,Vc
Va,Va
Ob,Ob
Acc,Acc
Fl,Fl
Va,Va
ClBb,ClBb
Vn,Vn
Acc,Hn
Acc,Acc
Cb,Fl
Va,Va
Va,Va
Tbn,Tbn
Acc,Acc
Va,Va
Acc,Acc
Hn,Hn
Vc,Vc
Va,Va
Fl,ClBb
Cb,Cb
Cb,Bn
Acc,Acc
Acc,Fl
Vn,Vn
Cb,Cb
ASax,ASax
Va,Va
Cb,ClBb
ASax,ASax
Vc,Acc
Bn,Bn
Acc,Acc
BTb,BTb
Acc,Acc
Cb,Cb
Acc,Acc
Vn,Vn
BTb,BTb
TpC,TpC
Va,Va
Cb,Cb
Vc,Vc
Acc,Acc
Va,Va
Va,Va
Acc,Acc
Vc,Vc
Acc,Acc
Vn,Vn
Va,Va
Bn,Bn
BTb,BTb
Acc,Acc
Vc,Vc
Bn,Bn
Vn,Vn
Vn,Vn
Acc,Acc
Cb,TpC
Vc,Vc
Vc,Vc
Cb,Cb
Vc,Vc
Cb,Cb
Va,Va
Vn,Vn
Va,Va
Cb,Vn
Acc,Acc
Vn,Vn
Ob,Ob
TpC,TpC
Bn,Bn
Acc,Acc
Acc,Acc
Acc,Vn
Vc,Vc
Cb,Cb
Cb,Cb
Vc,Va
Acc,Acc
Va,Va
Acc,Vc
Cb,Cb
Acc,Acc
Cb,Cb
Acc,Acc
Tbn,Tbn
Va,ASax
Acc,Acc
BTb,BTb
ClBb,ClBb
Acc,Acc
ClBb,ClBb
Tbn,Tbn
Cb,Cb
Vn,Vn
Vc,Vc
Tbn,Tbn
Vc,Vc
Acc,Acc
Cb,Cb
Vc,Vc
Acc,ASax
Cb,Cb
Cb,BTb
Fl,Fl
Acc,Acc
Va,Va
Acc,Acc
Bn,Bn
Acc,Acc
Va,Va
Acc,Acc
Acc,Acc
Fl,Hn
Cb,Cb
Vc,Vc
Cb,Cb
Acc,Acc
Vc,Vc
Cb,Cb
Acc,Acc
Acc,Acc
Va,Va
BTb,BTb
Bn,Bn
Ob,Ob
Acc,Acc
Va,Va
ClBb,ClBb
Vc,Vc
Vc,Vc
Acc,Acc
Ob,Ob
Bn,Bn
Tbn,Tbn
Hn,Hn
Bn,Bn
Acc,Acc
Cb,Cb
Vn,Vn
Hn,Hn
Cb,Cb
Fl,Fl
Acc,Va
TpC,TpC
Acc,Acc
Va,Va
ClBb,ClBb
Acc,Acc
Vc,Vc
Fl,Fl
Acc,Hn
TpC,TpC
Cb,Vn
Acc,Vn
Acc,Acc
Acc,Acc
Acc,Va
Cb,Hn
Fl,ClBb
Vc,Vc
Vc,Vc
Cb,Cb
TpC,TpC
Acc,Acc
Va,Va
Cb,Cb
Vn,Vn
Vc,Vc
Va,Vn
Acc,Acc
Acc,Acc
Vn,Vn
TpC,TpC
ASax,ASax
Hn,Hn
Acc,Acc
ClBb,ClBb
Acc,Acc
Hn,BTb
Vn,Vn
Cb,Fl
BTb,BTb
Acc,Acc
BTb,BTb
Tbn,Tbn
Cb,Cb
Hn,Hn
Acc,Acc
Vc,Vc
Vc,Vc
Acc,Acc
Fl,Fl
Cb,Hn
Vc,Vc
Acc,Acc
Hn,Hn
Acc,Acc
TpC,TpC
Va,Va
Ob,Ob
Vc,Vc
ASax,ASax
Vn,Vn
Fl,Fl
Vc,Vc
Ob,Ob
BTb,BTb
Cb,Cb
Vn,Vn
Tbn,Tbn
Acc,Acc
Vn,Vn
Tbn,Hn
BTb,BTb
Vc,Vc
Vc,Vc
Cb,Cb
Acc,Acc
ClBb,ClBb
Cb,Fl
Bn,Bn
Vc,Vc
Vc,Vc
Tbn,Tbn
Va,Va
Acc,Acc
Cb,Vc
Vc,Vc
Va,Va
Acc,Acc
Tbn,Tbn
Ob,Ob
Tbn,Tbn
Vc,Va
Cb,Cb
ASax,ASax
Cb,Hn
Cb,Cb
ASax,ASax
Va,Va
Acc,Acc
Hn,Hn
Acc,Acc
Tbn,Tbn
Va,Va
Cb,Cb
Bn,Bn
Acc,Acc
Vc,Vc
Hn,Hn
Cb,Hn
Cb,Cb
Cb,TpC
ClBb,ClBb
Cb,BTb
Vc,Vc
Hn,Hn
ASax,ASax
Cb,Cb
Cb,Tbn
Vc,Vc
ASax,ASax
Va,Va
Ob,Ob
Hn,Hn
Va,Va
Tbn,Tbn
Acc,Acc
Ob,TpC
Bn,Bn
TpC,TpC
Acc,Acc
TpC,TpC
ASax,ASax
Hn,Hn
Va,Va
Vc,Vc
Acc,Acc
Va,Va
Acc,Acc
Acc,Acc
Bn,Bn
Acc,Acc
TpC,TpC
Cb,Cb
Acc,Acc
TpC,TpC
Acc,Acc
Acc,Acc
Cb,Cb
Ob,Ob
Cb,Cb
Tbn,Tbn
Cb,Hn
Vn,Vn
Vn,Vn
Cb,BTb
Va,Va
Cb,Cb
Vn,Vn
Cb,Cb
Acc,Acc
Vn,Vn
Acc,Acc
Acc,Acc
Vn,Vn
Cb,Cb
Cb,Cb
Acc,Acc
Va,Va
TpC,TpC
Acc,Acc
Vc,Vc
Acc,Acc
Cb,Cb
Cb,Cb
Cb,Cb
Va,Va
Hn,Hn
Cb,Hn
Cb,Cb
ASax,ASax
Ob,Ob
Vc,Vc
Vc,Vc
Acc,Acc
Cb,Cb
Acc,Acc
Acc,Acc
Cb,Cb
TpC,TpC
Hn,Hn
Vn,Vn
Vn,Vn
Vn,Vn
Acc,Va
Vc,Vc
Acc,Acc
Vn,Vn
Va,Va
Vn,Vn
Bn,Bn
Cb,Cb
Cb,Cb
Cb,Cb
Vn,Vn
Acc,Acc
Fl,Fl
Va,Va
Vc,Vc
Vn,Vn
Ob,Ob
Acc,Acc
Acc,Acc
Acc,Acc
Vc,Vc
Acc,Acc
Bn,Bn
BTb,BTb
Vc,Vc
Vc,Vc
Acc,ASax
Vn,Vn
Acc,Acc
ClBb,ClBb
Tbn,Tbn
Cb,Cb
Vn,Vn
Cb,Cb
ASax,ASax
Acc,Acc
Vn,Vn
Cb,ClBb
Acc,Acc
Ob,Ob
Acc,Acc
Vc,Vc
Va,Vn
BTb,BTb
Hn,Hn
Acc,Acc
Acc,Acc
Acc,Acc
TpC,TpC
Ob,Ob
Bn,Bn
Acc,Acc
Bn,Bn
Va,Va
Va,Va
Acc,Va
Ob,Ob
Acc,Acc
Acc,Acc
Vn,Vn
Acc,Acc
ASax,ASax
Cb,Fl
Cb,Hn
Hn,Hn
Cb,Cb
Va,Va
Acc,ASax
Va,Va
Acc,Acc
Cb,Fl
Bn,Bn
ASax,ASax
BTb,BTb
Acc,Acc
Va,Va
Acc,Acc
Vn,Vn
Cb,Cb
Acc,Acc
Acc,Acc
Ob,Ob
Va,Va
ASax,ASax
Acc,Acc
Vc,Vc
Cb,Cb
Fl,Fl
Cb,Vc
Acc,Acc
Vn,Vn
Vc,Va
Acc,ASax
BTb,BTb
Hn,Hn
Acc,Acc
Acc,Acc
Ob,Ob
Fl,Fl
Vn,Vn
Vn,Vn
Bn,Bn
Acc,Acc
BTb,BTb
Cb,Cb
Tbn,Tbn
ClBb,ClBb
Va,Va
Acc,Acc
Acc,Acc
Bn,Bn
Vc,Vc
Va,Va
Acc,Acc
Cb,Hn
Bn,Bn
Cb,Cb
Hn,Hn
Tbn,Tbn
Cb,Fl
Acc,Acc
ASax,ASax
Vn,Vn
Cb,Cb
Cb,Va
Cb,Cb
Cb,Vc
Va,Vc
Vc,Vc
TpC,TpC
Acc,Acc
Acc,ClBb
Va,Va
Vc,Vc
Acc,Acc
Tbn,Tbn
Cb,Cb
Acc,Acc
Bn,Bn
Fl,Fl
Acc,Acc
Cb,Cb
Cb,Cb
TpC,TpC
Vn,Vn
TpC,TpC
Acc,Acc
ASax,ASax
Acc,Acc
Acc,Acc
Acc,Acc
Acc,Acc
ClBb,ClBb
Cb,Cb
Vc,Vc
Hn,Hn
Acc,Acc
Cb,Cb
Vn,Vn
Va,Va
ClBb,ClBb
Ob,Ob
Hn,Hn
Bn,Bn
Acc,Acc
BTb,BTb
Tbn,Tbn
Fl,Fl
Vc,Vc
Acc,Acc
Acc,Acc
Acc,Acc
Acc,Acc
Va,Va
Ob,Ob
Ob,Ob
Acc,Acc
Vn,Vn
Va,Va
ASax,ASax
Vc,Vc
Vc,Vc
Acc,ClBb
Acc,Acc
Va,Va
Acc,Acc
Fl,Fl
Vc,Vc
Vc,Vc
Acc,Acc
Fl,Fl
Bn,Bn
BTb,BTb
Bn,Bn
Ob,Ob
Acc,Acc
Cb,ClBb
Cb,Cb
TpC,TpC
Ob,Ob
Acc,Acc
Acc,Acc
Cb,Cb
Cb,Cb
Va,Va
Hn,Hn
Acc,Vn
Cb,Cb
BTb,BTb
Vn,Vn
Acc,Vn
Vn,Vn
Vc,Vc
Vn,Vn
ASax,ASax
Va,Va
ASax,ASax
Acc,Acc
Vc,Vc
Acc,Acc
Vc,Vc
ASax,ASax
Acc,Acc
ClBb,ClBb
Vc,Vc
Va,Va
Bn,Bn
Vn,Vn
Bn,Bn
Hn,Hn
Ob,Ob
ClBb,ClBb
Hn,Hn
Tbn,Tbn
Acc,Acc
Va,Vn
Va,Va
Acc,Acc
Vn,Vn
Acc,ClBb
Cb,Cb
Cb,Cb
Vn,Vn
Fl,Fl
Cb,Cb
Va,Vc
Bn,Bn
Va,Va
Vn,Vn
Acc,Fl
Acc,Acc
Acc,Acc
Vn,Vn
Acc,Acc
Va,Va
Acc,Va
Fl,Fl
Cb,BTb
ClBb,ClBb
Cb,Cb
Cb,Cb
Acc,Va
Vc,Vc
Acc,Acc
Cb,Cb
Cb,Cb
Acc,Acc
Acc,Acc
Bn,Bn
Cb,Cb
Acc,Acc
Vc,Vc
Acc,Acc
Acc,Acc
TpC,TpC
Hn,Hn
Va,Va
Acc,Acc
Cb,Cb
Acc,Acc
Vc,Vc
Vc,Vc
Va,Va
Vc,Vc
Vn,Vn
Tbn,Tbn
Va,Va
Cb,Cb
Cb,Cb
Bn,Bn
Vc,Vc
Hn,Hn
Tbn,Tbn
Acc,Vn
ASax,ASax
ClBb,ClBb
Va,Va
Ob,Ob
Fl,Fl
Vc,Vc
BTb,BTb
Bn,Bn
Bn,Bn
Ob,Ob
Va,Vn
Tbn,Tbn
Va,Va
Va,Va
Acc,Va
Acc,Acc
Acc,Vn
Acc,Acc
Acc,Acc
Acc,ClBb
Acc,Vn
Bn,Bn
Cb,Vc
Fl,Fl
Acc,Va
Tbn,Tbn
Acc,Acc
Ob,Ob
Cb,Bn
Cb,Cb
Fl,Fl
Hn,Hn
Cb,Cb
Acc,Acc
Cb,Cb
Acc,Acc
BTb,BTb
Cb,Va
Vn,Vn
Hn,Hn
Acc,Acc
Bn,Bn
Cb,Cb
Cb,Fl
Cb,Cb
Cb,Fl
Vc,Vc
Cb,Cb
Bn,Bn
Cb,Cb
Vn,Vn
Fl,Fl
Va,Va
Vn,Vn
Acc,Acc
Cb,ClBb
Tbn,Tbn
Cb,Fl
Acc,Acc
Tbn,Tbn
Hn,Hn
Cb,Va
Hn,Hn
ASax,ClBb
Bn,Bn
Va,Va
Vc,Vc
Hn,Hn
ASax,ASax
Acc,Acc
Cb,Fl
Ob,Ob
Ob,Ob
Va,Va
Hn,Hn
Acc,Acc
Acc,Acc
Cb,Cb
TpC,TpC
Va,Vn
Ob,Ob
Bn,Hn
Acc,Acc
Acc,Acc
TpC,TpC
Cb,Cb
Acc,Vn
Acc,Fl
Vn,Vn
Vc,Vc
Ob,Ob
Hn,Hn
BTb,BTb
Va,Va
Acc,Acc
Va,Va
Acc,Acc
Cb,Cb
Acc,Acc
Hn,Hn
Vn,Vn
Vc,Vc
Acc,Acc
Vn,Vn
Cb,Hn
Acc,Acc
Vc,Vc
Vc,Vc
Cb,Cb
BTb,BTb
Vn,Vn
Hn,Hn
Acc,Acc
Acc,Acc
Vn,Vn
TpC,TpC
Acc,Acc
ASax,ASax
Acc,Acc
Acc,Va
Vc,Vc
Acc,Acc
Cb,Fl
Acc,Acc
Acc,Va
Cb,Vn
Acc,Acc
Vn,Vn
Vn,Vn
ClBb,ClBb
Cb,Vc
Acc,Acc
Cb,Cb
Cb,Cb
ASax,ASax
Cb,Cb
Acc,Acc
Acc,Acc
Acc,Acc
Acc,Acc
Ob,Ob
Acc,Acc
Va,Va
Acc,ASax
Acc,Acc
Cb,Cb
Vn,Vn
Ob,Ob
Va,Vn
Va,Va
Cb,Cb
Acc,Acc
Hn,Hn
Vc,Vc
Acc,Acc
Acc,Acc
Vc,Vc
Acc,ClBb
Va,Va
Va,Va
Acc,Vc
Vn,Vn
Tbn,Tbn
Tbn,Tbn
Acc,Acc
Acc,Acc
Vn,Vn
Acc,Acc
Cb,Vc
Tbn,Tbn
Bn,Bn
Cb,Cb
Cb,Cb
Bn,Bn
Vc,Vc
Acc,Acc
Acc,Acc
Acc,Acc
Acc,Acc
Cb,Hn
ASax,ASax
ClBb,ClBb
ASax,ASax
Acc,Acc
Vn,Vn
TpC,TpC
Fl,Fl
Acc,Acc
Acc,Acc
Acc,Acc
Acc,Acc
Bn,Bn
Va,Va
Va,Va
Acc,Acc
Acc,Acc
ClBb,ClBb
Vn,Vn
ASax,ASax
Bn,Bn
Va,Va
Acc,Acc
Va,Va
Vc,Vc
Va,Va
Vc,Vc
Cb,Cb
Va,Va
Va,Va
Acc,Acc
BTb,BTb
Hn,Hn
Cb,Cb
Acc,Va
Acc,Acc
Fl,Fl
TpC,TpC
Vc,Vc
Vc,Vc
Ob,Ob
Hn,Hn
Vc,Vc
Acc,Acc
Ob,Ob
Acc,Acc
Cb,TpC
Acc,Acc
Vn,Vn
Vc,Vc
Cb,Cb
Tbn,Tbn
Va,Va
Vn,Vn
Tbn,Tbn
Ob,Ob
Acc,Vn
Vc,Vc
Cb,Cb
Vn,Vn
Vn,Vn
Ob,Ob
Acc,Acc
Va,Va
ClBb,ClBb
Acc,Acc
Tbn,Tbn
Vn,Vn
Va,Va
Acc,Acc
Vc,Vc
Va,Va
Bn,Bn
Vn,Vn
Acc,Acc
Cb,Cb
Acc,Acc
Acc,Acc
Cb,Cb
Va,Va
Acc,Acc
Va,Va
Acc,Acc
Va,Va
Bn,Bn
ASax,ASax
Acc,Acc
Vn,Vn
Acc,Acc
Vc,Vc
Bn,Bn
Ob,Ob
Tbn,Tbn
Acc,Acc
Acc,Acc
Acc,Acc
Va,Va
Hn,Hn
Cb,Cb
Cb,Fl
Cb,Cb
Acc,Acc
Acc,Va
Cb,Cb
Acc,Acc
Cb,Fl
TpC,TpC
Acc,Va
Acc,Vn
Tbn,Tbn
TpC,TpC
Ob,Ob
Acc,ASax
Vc,Vc
Cb,ClBb
Vc,Vn
BTb,BTb
Vn,Vn
Va,Vn
ASax,ASax
ClBb,ClBb
Acc,Acc
Tbn,Tbn
ASax,ASax
Va,Va
Tbn,Tbn
BTb,BTb
Acc,Acc
Acc,Acc
Cb,Cb
Acc,Acc
Tbn,Tbn
Ob,Ob
BTb,BTb
Cb,Tbn
Cb,Cb
Vc,Vc
Acc,Acc
Cb,Cb
Acc,Acc
Vc,Vc
Bn,Bn
Acc,Acc
Vc,Vc
Acc,Acc
Ob,Ob
TpC,TpC
Acc,Acc
Vn,Vn
Acc,Acc
Vc,Vc
Acc,Acc
ClBb,ClBb
Va,Va
Bn,Bn
Cb,Cb
Acc,Acc
Cb,Cb
Acc,Va
Acc,Acc
Bn,Bn
Acc,Acc
Fl,Fl
Cb,Cb
Cb,Fl
Cb,Fl
Va,Va
Acc,Acc
BTb,BTb
Acc,Acc
Cb,Fl
Acc,Acc
Acc,Acc
Fl,Fl
Va,Va
Acc,Vn
Acc,Acc
Tbn,Tbn
Hn,Hn
Vc,Vc
TpC,TpC
Acc,Acc
Acc,Hn
Acc,Acc
Acc,Acc
Tbn,Tbn
Cb,Bn
Vc,Vc
Acc,Acc
Cb,Cb
Vc,Vc
Tbn,Tbn
Acc,Acc
Vc,Vc
Cb,Cb
Fl,Fl
Tbn,Tbn
Hn,Hn
Acc,Acc
Acc,Acc
Acc,Acc
Va,Va
Hn,Hn
Acc,Acc
Cb,Cb
Vc,Vc
Acc,Acc
Acc,Acc
BTb,BTb
Hn,Hn
Acc,Acc
TpC,TpC
Tbn,Tbn
Acc,Acc
Vn,Vn
Bn,Bn
Vc,Vc
Vc,Vc
Acc,Acc
Vn,Vn
Cb,Cb
TpC,TpC
Acc,Acc
Ob,Ob
Acc,Acc
Va,Va
Cb,Cb
Vc,Vc
Acc,Acc
Ob,Ob
BTb,BTb
Tbn,Bn
Va,Va
Acc,Acc
Fl,Fl
Vc,Vc
ClBb,ClBb
Va,Va
Tbn,Tbn
Acc,Acc
Hn,Hn
Cb,Cb
Cb,Cb
Vc,Vc
Cb,Cb
Vn,Vn
Fl,Fl
Cb,Cb
TpC,TpC
Bn,Bn
BTb,BTb
Vn,Vn
Acc,Va
Cb,Cb
Cb,Cb
Tbn,Tbn
Cb,Vc
Cb,Hn
Vc,Vc
Hn,BTb
ASax,ASax
Cb,Cb
Va,Va
TpC,TpC
Tbn,Tbn
Acc,Acc
Acc,Acc
ASax,ASax
Ob,Ob
ASax,ASax
Cb,Cb
ClBb,ClBb
Acc,Vn
Acc,Acc
Bn,Bn
Va,Va
BTb,BTb
BTb,BTb
Cb,Fl
Cb,Cb
Acc,Acc
Vc,Vc
Vn,Vn
Cb,TpC
Acc,Acc
Acc,Acc
Ob,Ob
Tbn,Tbn
Acc,Acc
Vc,Ob
Tbn,Tbn
Vc,Vc
Fl,Fl
Vc,Vc
Vc,Vc
Cb,Cb
BTb,BTb
Acc,Acc
ASax,ASax
Cb,Cb
Vn,Vn
Cb,Cb
Va,Va
Cb,Cb
Va,Va
Acc,Acc
Cb,Cb
Tbn,Tbn
Va,Va
Cb,Cb
Acc,Acc
ClBb,ClBb
Vn,Vn
Cb,ClBb
Tbn,Tbn
Vn,Vn
Hn,Hn
ASax,ASax
TpC,Ob
Cb,BTb
Acc,Vc
Vc,Vc
Cb,Cb
Cb,Cb
BTb,BTb
ClBb,ClBb
Acc,TpC
ClBb,ClBb
Cb,Cb
Fl,Fl
Acc,Acc
Cb,Cb
Acc,Acc
Cb,Cb
Acc,Acc
Acc,Acc
Hn,BTb
Fl,ClBb
Cb,Cb
TpC,TpC
BTb,BTb
Acc,Acc
BTb,BTb
Vc,Vc
Acc,Acc
Cb,BTb
TpC,TpC
Hn,Hn
Ob,Ob
Acc,Acc
Acc,Acc
Cb,Cb
Cb,Cb
Cb,Fl
Tbn,Tbn
Bn,Bn
Acc,Acc
Tbn,Tbn
BTb,BTb
Acc,Acc
Va,Va
Acc,Acc
Acc,Acc
Hn,Hn
Acc,Acc
Vc,Vc
Cb,Cb
Acc,Acc
Acc,Acc
Va,Va
ClBb,ClBb
ASax,ASax
Tbn,Tbn
Cb,Cb
Acc,ClBb
Va,Va
Va,Va
Cb,Hn
Va,Va
Cb,Cb
Cb,Cb
Bn,Bn
Vn,Vn
Acc,Acc
Cb,Cb
ASax,ASax
TpC,Fl
Va,Va
Cb,TpC
Hn,Hn
Vn,Vn
Acc,Acc
Cb,Va
Vn,Vn
Va,Va
Vc,Vc
Vn,Vn
Acc,Acc
Vn,Vn
Acc,Acc
Acc,Va
Vc,Vc
Cb,Cb
Acc,Acc
Acc,Acc
Cb,Cb
Va,Va
Vn,Vn
Acc,Acc
Vc,Vc
Va,Va
Acc,ASax
Acc,Acc
Cb,Cb
Fl,Fl
Bn,Bn
Tbn,Tbn
Acc,Acc
Bn,Bn
Acc,Acc
Cb,Cb
TpC,TpC
Acc,Va
Acc,Va
Acc,Acc
Cb,Vc
Acc,Va
Vn,Vn
Acc,Acc
Bn,Bn
Cb,Fl
Vc,Vc
BTb,BTb
Vn,Vn
Vc,Hn
Vn,Vn
Fl,Fl
Va,Va
TpC,TpC
Ob,Ob
ClBb,ClBb
Cb,BTb
BTb,BTb
Bn,Bn
Bn,Bn
Va,Va
Acc,Acc
Hn,Hn
Vn,Vn
Vc,Vc
TpC,TpC
Acc,Acc
Vn,Vn
Va,Va
Acc,Acc
Cb,BTb
Vc,Vc
Fl,Fl
Fl,Fl
Cb,Cb
Vn,Vn
Cb,Cb
Cb,Cb
Acc,Acc
ClBb,ClBb
Cb,ClBb
Acc,Va
Cb,Cb
Hn,Hn
Acc,Acc
Acc,Acc
Tbn,Tbn
Fl,Fl
Vc,Vc
Fl,Fl
Vn,Vn
Vc,Vc
Fl,Fl
Fl,Fl
Acc,Acc
Acc,Acc
Acc,Acc
Va,Va
Acc,Acc
Ob,Ob
Vn,Vn
Acc,Acc
Vc,Vc
Acc,Acc
BTb,BTb
Va,Va
Cb,TpC
Vc,Vc
Cb,Cb
Acc,Acc
Bn,Bn
Acc,Acc
Vn,Vn
Tbn,Tbn
Vn,Vn
Va,Vn
Hn,Hn
Vc,ClBb
Tbn,Tbn
Vn,Vn
Va,Va
TpC,TpC
BTb,BTb
TpC,TpC
Ob,TpC
Tbn,Tbn
Vc,Vc
Cb,ClBb
Acc,Acc
Acc,Acc
Cb,Cb
Cb,TpC
Acc,Acc
Hn,Hn
Fl,Fl
Fl,Fl
Acc,Acc
Cb,Cb
Acc,Acc
Acc,Acc
Bn,Hn
Cb,Cb
Acc,Vn
Hn,Hn
Vc,Vc
Cb,Cb
Ob,Ob
Tbn,Tbn
Acc,Acc
Cb,TpC
Fl,Fl
Bn,Bn
Tbn,Tbn
Vn,Vn
ASax,ASax
Acc,Acc
Vn,Vn
Acc,Acc
Va,Va
Fl,Fl
Hn,Hn
TpC,TpC
ClBb,ClBb
Acc,Acc
Bn,Bn
Acc,Vc
Cb,Cb
Va,Va
Cb,Va
Va,Va
Fl,Fl
Acc,Acc
Acc,Acc
Va,Vn
Acc,Acc
Fl,Fl
Cb,Cb
Bn,Bn
ASax,ASax
Vc,Vc
TpC,TpC
Vc,Vc
Acc,Acc
Hn,Hn
Vc,Vc
BTb,BTb
Va,Va
ASax,ASax
Acc,Acc
Tbn,Tbn
Bn,Bn
Vc,Vc
Cb,Cb
Acc,Acc
Cb,Cb
Vc,Va
Acc,Acc
Tbn,Tbn
Va,Va
Cb,Vc
Vn,Vn
BTb,BTb
Acc,Acc
Acc,Acc
Va,Va
Vc,Vc
Acc,Acc
Acc,Acc
ASax,ASax
Cb,Cb
Acc,Acc
Acc,Acc
Fl,Fl
Va,Va
Hn,Hn
Acc,Acc
Va,Va
Cb,Fl
Acc,Acc
Cb,Cb
BTb,BTb
Ob,Ob
Vc,Vc
Bn,Bn
Va,Va
Vn,Vn
ASax,ASax
Acc,Acc
Vn,Vn
Cb,Cb
Acc,Acc
Acc,Acc
Tbn,Tbn
Cb,Cb
Acc,Acc
Acc,Acc
Va,Va
ClBb,ClBb
Fl,Fl
Vc,Vc
Vc,Vc
Vc,Vc
Cb,Cb
Tbn,Tbn
Cb,Cb
Vc,Vc
Tbn,Tbn
Fl,Fl
Cb,Cb
Acc,Acc
Va,Va
Cb,ClBb
Acc,Acc
ASax,ASax
Cb,Cb
Cb,Cb
Tbn,Tbn
Fl,ClBb
Ob,Ob
Acc,Acc
Va,Va
Acc,Acc
Acc,Acc
Fl,Fl
Vn,Vn
Acc,Vn
Vc,Cb
Va,Va
Vn,Vn
Tbn,Tbn
Va,Va
Vc,Vc
Ob,Ob
Acc,ClBb
Acc,Vn
Acc,Acc
Acc,Acc
Acc,Acc
Cb,Vc
Cb,Cb
Vc,Vc
BTb,BTb
Acc,Vn
Va,Va
Vc,Va
ClBb,ClBb
Va,Va
Vc,Vc
Vc,Vc
Cb,Cb
Hn,Hn
Acc,Acc
Hn,Hn
Bn,Bn
Cb,Cb
Hn,Hn
Acc,Acc
Acc,Acc
Hn,Hn
Va,Va
Acc,Acc
Tbn,Tbn
Cb,Cb
Tbn,Tbn
Bn,Bn
Bn,Bn
Cb,BTb
TpC,TpC
Acc,Vn
Vn,Vn
Cb,Cb
Vn,Vn
Vn,Vn
Acc,Acc
Vn,Vn
Acc,ClBb
Tbn,Tbn
Acc,Acc
Vc,Vc
Va,Va
Vn,Vn
Acc,Acc
Cb,Cb
Vc,Vc
Va,Va
Ob,TpC
Acc,Acc
Cb,TpC
Cb,Cb
Acc,Acc
Va,Va
BTb,BTb
Va,Va
Vc,Vc
Cb,Cb
Acc,Va
Acc,Acc
Bn,Bn
Vc,Vc
Acc,Acc
Vc,Vc
Acc,Acc
Vn,Vn
Acc,Acc
Fl,Fl
Vc,Vc
Cb,Hn
Vn,Vn
Va,Va
Vc,Vc
ASax,ASax
Acc,Acc
Hn,Hn
Cb,Cb
Vc,Va
Tbn,Tbn
Vc,Vc
ASax,ASax
ClBb,ClBb
Vc,Vc
Acc,Acc
Va,Vc
Acc,Acc
Acc,Acc
Acc,Acc
Vn,Vn
Bn,Bn
Vn,Vn
Acc,Acc
Cb,Cb
Acc,Vn
Va,Va
Cb,Cb
Fl,Fl
Acc,Acc
Acc,Acc
Vc,Vc
Vc,Vc
Cb,Cb
ASax,ASax
ASax,ASax
Ob,Ob
Vn,Vn
Acc,Acc
Ob,Ob
Acc,Acc
Va,Va
Cb,Cb
Vc,Vc
Acc,Acc
Va,Va
Acc,Acc
Acc,Vn
Vn,Vn
Va,Va
Va,Va
ASax,ASax
Vc,Vc
Cb,Cb
Va,Va
Cb,Cb
Va,Va
Vn,Vn
Acc,Acc
Va,Va
Acc,Va
Va,Va
Cb,BTb
Vn,Vn
Va,Vn
Vc,Vc
Cb,Cb
Va,Va
Ob,Ob
Acc,Acc
Cb,Vc
Cb,Fl
Vn,Vn
Vn,Vn
Vc,Vc
TpC,TpC
Bn,Bn
Vc,Vc
Ob,Ob
Acc,Acc
ClBb,ClBb
Ob,Ob
Va,Va
Acc,Acc
Acc,Vn
Vc,Vc
Acc,Acc
Acc,Va
Va,Va
Hn,Hn
Acc,Acc
Bn,Bn
Acc,Acc
Cb,Cb
Va,Va
Ob,Ob
BTb,BTb
Acc,Acc
Vc,Vc
Bn,Bn
Vc,Vc
Cb,Cb
Tbn,Tbn
Acc,Acc
Va,Va
Acc,Acc
Acc,Acc
ASax,ASax
Fl,Fl
Vc,Vc
Vc,Va
Acc,Acc
Hn,Hn
ASax,ASax
Cb,Cb
Acc,Acc
Cb,Cb
Acc,Acc
Cb,Cb
Ob,Ob
TpC,TpC
Cb,Cb
Acc,Vn
Bn,Bn
Acc,Vn
Cb,Cb
Va,Va
Va,Va
BTb,BTb
ClBb,ClBb
Bn,Bn
Va,Va
Va,Va
Bn,Bn
Cb,Cb
Cb,Cb
Hn,Hn
Vc,Vc
TpC,TpC
Acc,Acc
Bn,Bn
Cb,ClBb
Acc,Acc
Acc,Acc
Bn,Bn
Fl,ClBb
Va,Va
Acc,Vn
Acc,Acc
Acc,ClBb
Vn,Vn
Cb,Cb
Tbn,Tbn
Acc,Acc
Vc,Vc
Ob,Ob
Vc,Fl
Tbn,Tbn
Bn,Bn
Acc,Acc
Acc,Acc
Cb,Cb
Cb,Cb
Cb,Cb
Tbn,Tbn
Vn,Vn
Vn,Vn
Vn,Vn
Vc,Vc
Bn,Bn
Acc,ClBb
Tbn,Tbn
Cb,Cb
Hn,Hn
Bn,Bn
Vc,Vc
Cb,Cb
Acc,Acc
Vc,Vc
Fl,Fl
Ob,Ob
Ob,Ob
Va,Va
Cb,TpC
Acc,Acc
Cb,Cb
Cb,Cb
BTb,BTb
Cb,ASax
Va,Va
TpC,TpC
ASax,ASax
Ob,Ob
Hn,Hn
Cb,Cb
Acc,ClBb
Vn,Vn
Acc,Acc
Acc,ClBb
Acc,Acc
Acc,Acc
Cb,Cb
Hn,Hn
Vc,Vc
Bn,Bn
Cb,Cb
Cb,Vc
Acc,Acc
Acc,Acc
Hn,Hn
BTb,BTb
Acc,Acc
Cb,Fl
Acc,ASax
Acc,Acc
Acc,Acc
Acc,Acc
Cb,Cb
Acc,Acc
Acc,Acc
Vc,Vc
Cb,Cb
Acc,Acc
Cb,Cb
Vc,Vc
Va,Va
Acc,Acc
Acc,Acc
Tbn,Tbn
Acc,Acc
Cb,TpC
Cb,Cb
Vn,Vn
Acc,Acc
Cb,Cb
BTb,BTb
Acc,Acc
Vc,Vc
Acc,Acc
Cb,ClBb
Vc,Vc
Vc,Fl
TpC,TpC
Vc,Vc
Va,Va
Acc,Vn
Vc,Vc
Acc,Acc
BTb,BTb
Acc,Acc
Acc,Acc
Acc,Acc
ASax,ASax
Acc,Acc
Acc,Acc
Vc,Vn
TpC,TpC
Cb,Cb
Hn,Hn
Bn,Bn
Cb,Cb
Ob,Ob
Fl,Fl
Tbn,Tbn
Vc,Vc
Cb,Va
Bn,Hn
TpC,TpC
Cb,Cb
Cb,Cb
Vc,Vc
Cb,Cb
Cb,Cb
Bn,Bn
Ob,Ob
Vc,Vc
Va,Va
Va,Va
Cb,Cb
Hn,Hn
Cb,ClBb
Tbn,Tbn
TpC,TpC
Va,Vn
Va,Va
Bn,Bn
Fl,Fl
Va,Va
Va,Va
ClBb,ClBb
Cb,Cb
Vc,Vc
Hn,Hn
Acc,ClBb
Bn,Bn
Acc,Acc
BTb,BTb
Vc,Vc
Cb,Cb
Acc,Acc
Tbn,Tbn
Acc,Acc
Vn,Vn
Bn,Bn
Vc,Vc
ASax,ASax
Fl,ClBb
Va,Va
Va,Va
Vc,Vc
TpC,TpC
Ob,Ob
Acc,Acc
Va,Va
Vc,Vc
BTb,BTb
Vc,Vc
Cb,Cb
Bn,Bn
Acc,Acc
ClBb,ClBb
Cb,Cb
ASax,ASax
Cb,Cb
Cb,Cb
TpC,TpC
ClBb,ClBb
Vn,Vn
Va,Va
Tbn,Tbn
Acc,Acc
TpC,TpC
Vc,Vc
Fl,Fl
Acc,Acc
Vc,Va
Ob,Ob
Acc,Acc
TpC,TpC
ASax,ASax
Acc,Acc
Vc,Vc
Va,Va
Acc,Vn
Va,Va
Acc,Acc
Va,Va
Cb,Cb
Acc,Acc
Acc,Acc
Tbn,Tbn
Bn,Bn
Fl,Fl
Cb,Cb
Acc,ClBb
ClBb,ClBb
TpC,TpC
Acc,Acc
ASax,ASax
ClBb,ClBb
Cb,Hn
Fl,Fl
Vc,Vc
Cb,BTb
BTb,BTb
Vc,Vc
Acc,TpC
Va,Vn
Bn,Hn
ClBb,ClBb
Acc,Acc
Acc,Acc
Acc,Acc
Acc,Vn
Va,Va
Cb,BTb
Vc,Vc
Acc,Acc
Acc,Acc
Cb,Cb
Vn,Vn
Bn,Bn
Va,Va
BTb,BTb
Cb,Cb
Acc,Acc
Cb,Cb
Fl,Fl
Va,Va
Cb,Cb
Vc,Vc
Acc,Acc
Acc,Acc
Acc,Acc
Vn,Vn
Va,Vc
Acc,Acc
Cb,Cb
Acc,Acc
BTb,BTb
Tbn,Tbn
Cb,Hn
Va,Va
Tbn,Tbn
Acc,Acc
Vn,Vn
Vn,Vn
TpC,TpC
Acc,Acc
Cb,Cb
Cb,TpC
Acc,Acc
Bn,Bn
Acc,Acc
Acc,Acc
Cb,Cb
Bn,Bn
Cb,Cb
Cb,Cb
Va,Vn
Vc,Vc
Va,Va
Tbn,Tbn
Ob,Ob
Acc,Vn
Vc,Vc
ASax,ASax
Acc,Acc
Cb,Cb
Ob,Ob
Tbn,Tbn
Acc,Vn
Acc,Acc
Acc,Acc
ASax,ASax
Vc,Vc
TpC,TpC
Bn,Hn
Cb,Cb
Va,Va
Fl,Fl
Tbn,Tbn
TpC,TpC
Vc,Vc
Hn,Hn
Cb,Cb
Va,Va
Va,Va
Acc,Acc
Bn,Bn
Ob,Ob
Fl,Fl
Vc,Vc
Cb,Cb
Va,Va
Vc,Vc
Acc,Acc
Acc,Acc
Ob,Ob
Va,Vn
Cb,TpC
Acc,Acc
Tbn,Tbn
Fl,Va
Acc,Va
Acc,Va
ClBb,ClBb
Vn,Vn
Vc,Vc
Va,Va
Acc,Acc
Tbn,Tbn
Acc,Va
Va,Va
Acc,Acc
Acc,Acc
Acc,Acc
Vc,TpC
ClBb,ClBb
Vc,Vc
Fl,Fl
Tbn,Bn
Cb,Cb
Bn,Bn
Cb,Va
TpC,TpC
Cb,Cb
Vc,Vc
Va,Va
Acc,Acc
Acc,Acc
Va,Va
Va,Va
TpC,TpC
Bn,Bn
Cb,Cb
Tbn,Tbn
Hn,Hn
Cb,Cb
Vn,Vn
Acc,Acc
Vc,Vc
Bn,Bn
Acc,TpC
Tbn,Tbn
Tbn,Tbn
Ob,Ob
Acc,Acc
Va,Va
Acc,Acc
Acc,ClBb
Va,Va
Vn,Vn
Va,Vn
Acc,Acc
Acc,Acc
Acc,Acc
Acc,Vn
Vc,Vc
Acc,Acc
ASax,ClBb
ClBb,ClBb
Tbn,Hn
Va,Va
ASax,ASax
Acc,Acc
Cb,ClBb
Hn,Hn
Cb,Cb
Tbn,Tbn
Fl,Fl
Cb,Cb
ASax,ASax
Vc,Vc
Vc,Vc
Vn,Fl
Vc,Vc
Va,Va
Cb,BTb
TpC,TpC
Bn,Bn
Va,Va
Acc,Acc
Bn,Bn
Vc,Vc
Va,Va
Vc,Vc
BTb,BTb
Va,Va
Acc,Acc
Fl,Fl
Acc,Acc
Va,Va
Va,Va
Vc,Vc
Cb,Cb
Cb,Cb
Va,ASax
Acc,Acc
TpC,TpC
Tbn,Tbn
Acc,Acc
Cb,Cb
ASax,ASax
Vc,Vn
Acc,Acc
Cb,Fl
Acc,Acc
Acc,Acc
Acc,Acc
Va,Va
Acc,Acc
Ob,Ob
Va,Vn
Cb,Cb
Vn,Vn
Acc,Acc
Acc,Acc
Acc,Acc
Va,Va
Acc,Acc
Cb,Cb
Acc,Acc
Acc,Acc
Acc,Acc
Acc,Acc
Cb,Cb
Acc,Acc
Ob,Ob
Hn,Hn
Acc,Acc
Acc,Acc
Vc,Vc
Acc,Acc
Acc,Vn
Acc,Acc
Acc,Acc
Fl,Fl
Acc,Acc
Acc,Vn
BTb,BTb
Vn,Vn
TpC,TpC
Acc,Acc
Acc,Acc
Vc,Vc
Bn,Bn
Ob,Ob
Acc,Acc
Bn,Bn
Vc,Vc
Tbn,Tbn
Acc,Va
Acc,Va
Ob,Ob
Acc,Acc
Acc,ClBb
Cb,Cb
Acc,Acc
Tbn,Tbn
Va,ASax
ClBb,ClBb
Vn,Vn
Cb,Cb
Acc,Acc
Cb,Cb
Acc,Acc
Acc,Acc
Vn,Vn
Vc,Vc
Vc,Vc
Bn,Bn
Ob,Ob
Va,Vn
Cb,Cb
ClBb,ClBb
Acc,Vn
Va,Va
Cb,Cb
Tbn,Tbn
ClBb,ClBb
Bn,Bn
Acc,Acc
Fl,Fl
BTb,BTb
TpC,TpC
Acc,Acc
Va,Va
Bn,Bn
Acc,Acc
Acc,Acc
Vn,Vn
Va,Va
Cb,Cb
Vn,Vn
Cb,Cb
TpC,TpC
Tbn,Tbn
Bn,Bn
Vc,Vc
Cb,TpC
Vn,Vn
Acc,Acc
Tbn,Tbn
Bn,Bn
Vn,Vn
Cb,Hn
Cb,Cb
Cb,BTb
Hn,Hn
ClBb,ClBb
Tbn,Tbn
Va,Va
BTb,BTb
Vn,Vn
Ob,Ob
Cb,Cb
Fl,Fl
Acc,Acc
Fl,Fl
Acc,Acc
ClBb,ClBb
Acc,Acc
BTb,BTb
Acc,Acc
Acc,Acc
Bn,Bn
Vc,Vn
BTb,BTb
Acc,Vc
Acc,Acc
Acc,Acc
Cb,Cb
Acc,Acc
Va,Vn
Cb,Cb
Cb,Cb
Cb,Cb
Ob,Ob
Tbn,Tbn
Acc,Acc
Va,Va
Acc,Acc
Va,Va
Va,Va
Va,Va
Va,Va
Tbn,Tbn
Vc,Vc
ASax,ASax
Ob,Ob
Va,Va
Va,Va
Cb,Cb
BTb,BTb
Cb,Cb
Vc,Vc
BTb,BTb
Bn,Hn
Acc,ClBb
Hn,Hn
Va,Va
Acc,Acc
Acc,Acc
Acc,Vn
Acc,Vn
TpC,TpC
ClBb,ClBb
Fl,Fl
Va,Va
Va,Va
Bn,Bn
BTb,BTb
Tbn,Tbn
Fl,Fl
Hn,Hn
ASax,ASax
TpC,TpC
TpC,TpC
Acc,Acc
Acc,Acc
Cb,Vc
Vc,Vc
ASax,ASax
Cb,Cb
Tbn,Tbn
Acc,Acc
Acc,Acc
Acc,Acc
Ob,Ob
Acc,Acc
Acc,Acc
Acc,Acc
Acc,Acc
Acc,Acc
Tbn,Tbn
Bn,Bn
ASax,ASax
Acc,Acc
Acc,Va
Tbn,Tbn
Cb,Hn
ClBb,ClBb
Acc,Acc
Cb,Cb
Ob,Ob
Vn,Vn
TpC,TpC
Tbn,Tbn
